"subject","subjectname","group","formerSubject","conditionrank","modality","modalityname","repetition","question","trial","datasetname","readingTime","error","duration","perceivedDifficulty","perceivedTime"
4,"s4",4,"no",1,4,"virtual-mouse",1,1,1,"army",26,0,44.5686,2,42
4,"s4",4,"no",1,4,"virtual-mouse",1,2,2,"army",10,0,120.6228,4,81
4,"s4",4,"no",1,4,"virtual-mouse",1,3,3,"army",2,0,99.4174,3,95
4,"s4",4,"no",1,4,"virtual-mouse",1,4,4,"army",19,0,53.7313,3,66
4,"s4",4,"no",1,4,"virtual-mouse",2,1,5,"externaldebt",12,1,62.6189,3,59
4,"s4",4,"no",1,4,"virtual-mouse",2,2,6,"externaldebt",20,0,59.1863,2,48
4,"s4",4,"no",1,4,"virtual-mouse",2,3,7,"externaldebt",3,0,81.9819,3,62
4,"s4",4,"no",1,4,"virtual-mouse",2,4,8,"externaldebt",4,0,57.6597,4,58
4,"s4",4,"no",2,1,"physical-touch",1,1,9,"health",123,0,70.1668,4,58
4,"s4",4,"no",2,1,"physical-touch",1,2,10,"health",1,0,121.6659,4,95
4,"s4",4,"no",2,1,"physical-touch",1,3,11,"health",5,0,49.1339,3,44
4,"s4",4,"no",2,1,"physical-touch",1,4,12,"health",4,0,42.4351,2,42
4,"s4",4,"no",2,1,"physical-touch",2,1,13,"military",63,0,55.1604,2,43
4,"s4",4,"no",2,1,"physical-touch",2,2,14,"military",3,0,30.258,2,31
4,"s4",4,"no",2,1,"physical-touch",2,3,15,"military",1,0,25.3934,2,29
4,"s4",4,"no",2,1,"physical-touch",2,4,16,"military",0,0,40.2764,2,43
4,"s4",4,"no",3,3,"virtual-prop",1,1,17,"grosscapital",28,0,72.5809,3,53
4,"s4",4,"no",3,3,"virtual-prop",1,2,18,"grosscapital",2,0,62.7614,3,45
4,"s4",4,"no",3,3,"virtual-prop",1,3,19,"grosscapital",3,0,60.2104,2,42
4,"s4",4,"no",3,3,"virtual-prop",1,4,20,"grosscapital",1,0,56.1526,2,34
4,"s4",4,"no",3,3,"virtual-prop",2,1,21,"education",22,1,78.7131,4,47
4,"s4",4,"no",3,3,"virtual-prop",2,2,22,"education",7,0,65.296,3,49
4,"s4",4,"no",3,3,"virtual-prop",2,3,23,"education",1,0,34.9936,2,36
4,"s4",4,"no",3,3,"virtual-prop",2,4,24,"education",2,0,57.6101,3,41
4,"s4",4,"no",4,2,"physical-notouch",1,1,25,"carmortality",41,0,54.0204,3,37
4,"s4",4,"no",4,2,"physical-notouch",1,2,26,"carmortality",2,0,32.376,1,33
4,"s4",4,"no",4,2,"physical-notouch",1,3,27,"carmortality",1,0,28.5325,2,26
4,"s4",4,"no",4,2,"physical-notouch",1,4,28,"carmortality",2,1,70.331,5,46
4,"s4",4,"no",4,2,"physical-notouch",2,1,29,"hiv",60,1,45.4751,2,40
4,"s4",4,"no",4,2,"physical-notouch",2,2,30,"hiv",2,0,76.5353,4,85
4,"s4",4,"no",4,2,"physical-notouch",2,3,31,"hiv",2,0,68.3642,3,58
4,"s4",4,"no",4,2,"physical-notouch",2,4,32,"hiv",1,0,45.6294,3,57
9,"s9",1,"yes",1,1,"physical-touch",1,1,1,"army",48,0,28.3003,2,33
9,"s9",1,"yes",1,1,"physical-touch",1,2,2,"army",4,0,32.4271,4,38
9,"s9",1,"yes",1,1,"physical-touch",1,3,3,"army",2,0,36.0344,3,34
9,"s9",1,"yes",1,1,"physical-touch",1,4,4,"army",3,0,27.1772,2,28
9,"s9",1,"yes",1,1,"physical-touch",2,1,5,"externaldebt",41,0,31.5147,2,23
9,"s9",1,"yes",1,1,"physical-touch",2,2,6,"externaldebt",2,0,35.9712,3,50
9,"s9",1,"yes",1,1,"physical-touch",2,3,7,"externaldebt",2,1,48.6713,4,49
9,"s9",1,"yes",1,1,"physical-touch",2,4,8,"externaldebt",3,0,25.5558,2,31
9,"s9",1,"yes",2,2,"physical-notouch",1,1,9,"health",39,0,65.2982,4,41
9,"s9",1,"yes",2,2,"physical-notouch",1,2,10,"health",2,0,31.4236,3,32
9,"s9",1,"yes",2,2,"physical-notouch",1,3,11,"health",2,0,37.0655,2,35
9,"s9",1,"yes",2,2,"physical-notouch",1,4,12,"health",1,0,35.8623,4,44
9,"s9",1,"yes",2,2,"physical-notouch",2,1,13,"military",55,0,24.0684,1,20
9,"s9",1,"yes",2,2,"physical-notouch",2,2,14,"military",2,0,33.6853,2,39
9,"s9",1,"yes",2,2,"physical-notouch",2,3,15,"military",2,0,21.2725,2,19
9,"s9",1,"yes",2,2,"physical-notouch",2,4,16,"military",1,0,22.2008,2,60
9,"s9",1,"yes",3,4,"virtual-mouse",1,1,17,"grosscapital",6,0,36.0006,2,56
9,"s9",1,"yes",3,4,"virtual-mouse",1,2,18,"grosscapital",2,0,41.0986,2,43
9,"s9",1,"yes",3,4,"virtual-mouse",1,3,19,"grosscapital",3,0,35.8255,2,40
9,"s9",1,"yes",3,4,"virtual-mouse",1,4,20,"grosscapital",2,0,28.88,2,43
9,"s9",1,"yes",3,4,"virtual-mouse",2,1,21,"education",7,1,53.0648,5,52
9,"s9",1,"yes",3,4,"virtual-mouse",2,2,22,"education",2,0,34.4727,2,43
9,"s9",1,"yes",3,4,"virtual-mouse",2,3,23,"education",2,0,40.4052,2,49
9,"s9",1,"yes",3,4,"virtual-mouse",2,4,24,"education",2,0,46.1064,2,61
9,"s9",1,"yes",4,3,"virtual-prop",1,1,25,"carmortality",10,0,36.7545,3,50
9,"s9",1,"yes",4,3,"virtual-prop",1,2,26,"carmortality",2,0,30.5176,2,38
9,"s9",1,"yes",4,3,"virtual-prop",1,3,27,"carmortality",2,1,34.5354,4,56
9,"s9",1,"yes",4,3,"virtual-prop",1,4,28,"carmortality",1,0,39.9474,2,52
9,"s9",1,"yes",4,3,"virtual-prop",2,1,29,"hiv",17,0,51.2282,3,57
9,"s9",1,"yes",4,3,"virtual-prop",2,2,30,"hiv",2,0,59.9003,2,64
9,"s9",1,"yes",4,3,"virtual-prop",2,3,31,"hiv",1,0,45.5985,2,60
9,"s9",1,"yes",4,3,"virtual-prop",2,4,32,"hiv",1,0,39.8108,2,55
3,"s3",3,"no",1,3,"virtual-prop",1,1,1,"army",117,0,51.8341,4,11
3,"s3",3,"no",1,3,"virtual-prop",1,2,2,"army",3,0,45.9624,4,15
3,"s3",3,"no",1,3,"virtual-prop",1,3,3,"army",5,1,69.8522,4,24
3,"s3",3,"no",1,3,"virtual-prop",1,4,4,"army",2,1,51.8656,5,11
3,"s3",3,"no",1,3,"virtual-prop",2,1,5,"externaldebt",16,0,71.9979,4,23
3,"s3",3,"no",1,3,"virtual-prop",2,2,6,"externaldebt",3,0,31.7952,2,11
3,"s3",3,"no",1,3,"virtual-prop",2,3,7,"externaldebt",4,0,75.2146,4,25
3,"s3",3,"no",1,3,"virtual-prop",2,4,8,"externaldebt",2,0,42.3376,3,15
3,"s3",3,"no",2,4,"virtual-mouse",1,1,9,"health",8,0,63.2857,4,14
3,"s3",3,"no",2,4,"virtual-mouse",1,2,10,"health",6,1,56.4011,5,9
3,"s3",3,"no",2,4,"virtual-mouse",1,3,11,"health",1,1,71.5658,5,16
3,"s3",3,"no",2,4,"virtual-mouse",1,4,12,"health",2,0,90.4589,3,15
3,"s3",3,"no",2,4,"virtual-mouse",2,1,13,"military",4,0,70.1718,2,23
3,"s3",3,"no",2,4,"virtual-mouse",2,2,14,"military",3,0,33.8935,1,15
3,"s3",3,"no",2,4,"virtual-mouse",2,3,15,"military",1,0,41.4299,2,11
3,"s3",3,"no",2,4,"virtual-mouse",2,4,16,"military",3,0,22.6618,5,21
3,"s3",3,"no",3,2,"physical-notouch",1,1,17,"grosscapital",87,0,69.5348,3,14
3,"s3",3,"no",3,2,"physical-notouch",1,2,18,"grosscapital",2,0,47.7178,3,13
3,"s3",3,"no",3,2,"physical-notouch",1,3,19,"grosscapital",1,0,65.134,3,14
3,"s3",3,"no",3,2,"physical-notouch",1,4,20,"grosscapital",2,0,51.2567,4,12
3,"s3",3,"no",3,2,"physical-notouch",2,1,21,"education",47,0,35.4326,3,9
3,"s3",3,"no",3,2,"physical-notouch",2,2,22,"education",1,0,37.6914,1,9
3,"s3",3,"no",3,2,"physical-notouch",2,3,23,"education",1,0,54.4975,1,11
3,"s3",3,"no",3,2,"physical-notouch",2,4,24,"education",1,0,72.6903,1,19
3,"s3",3,"no",4,1,"physical-touch",1,1,25,"carmortality",38,0,43.401,3,9
3,"s3",3,"no",4,1,"physical-touch",1,2,26,"carmortality",1,0,28.6648,3,8
3,"s3",3,"no",4,1,"physical-touch",1,3,27,"carmortality",1,0,27.4522,1,9
3,"s3",3,"no",4,1,"physical-touch",1,4,28,"carmortality",8,1,54.0663,5,10
3,"s3",3,"no",4,1,"physical-touch",2,1,29,"hiv",32,1,52.4742,5,12
3,"s3",3,"no",4,1,"physical-touch",2,2,30,"hiv",1,1,57.5944,5,11
3,"s3",3,"no",4,1,"physical-touch",2,3,31,"hiv",1,0,28.5035,1,15
3,"s3",3,"no",4,1,"physical-touch",2,4,32,"hiv",2,0,43.0658,4,15
2,"s10",2,"no",1,2,"physical-notouch",1,1,1,"army",66,0,30.4751,2,18
2,"s10",2,"no",1,2,"physical-notouch",1,2,2,"army",4,1,44.0436,3,31
2,"s10",2,"no",1,2,"physical-notouch",1,3,3,"army",12,0,34.6273,2,14
2,"s10",2,"no",1,2,"physical-notouch",1,4,4,"army",2,0,37.6277,2,19
2,"s10",2,"no",1,2,"physical-notouch",2,1,5,"externaldebt",101,0,41.3619,3,34
2,"s10",2,"no",1,2,"physical-notouch",2,2,6,"externaldebt",6,0,28.8606,2,18
2,"s10",2,"no",1,2,"physical-notouch",2,3,7,"externaldebt",3,0,46.8086,4,33
2,"s10",2,"no",1,2,"physical-notouch",2,4,8,"externaldebt",2,0,57.4429,3,27
2,"s10",2,"no",2,3,"virtual-prop",1,1,9,"health",16,0,42.9796,3,23
2,"s10",2,"no",2,3,"virtual-prop",1,2,10,"health",2,1,45.173,3,28
2,"s10",2,"no",2,3,"virtual-prop",1,3,11,"health",1,0,54.7088,3,27
2,"s10",2,"no",2,3,"virtual-prop",1,4,12,"health",4,0,32.0405,2,16
2,"s10",2,"no",2,3,"virtual-prop",2,1,13,"military",25,0,29.1197,2,24
2,"s10",2,"no",2,3,"virtual-prop",2,2,14,"military",2,0,33.4699,2,26
2,"s10",2,"no",2,3,"virtual-prop",2,3,15,"military",2,0,33.7117,2,31
2,"s10",2,"no",2,3,"virtual-prop",2,4,16,"military",2,0,40.0818,3,30
2,"s10",2,"no",3,1,"physical-touch",1,1,17,"grosscapital",100,0,42.0304,2,30
2,"s10",2,"no",3,1,"physical-touch",1,2,18,"grosscapital",3,0,38.8462,2,25
2,"s10",2,"no",3,1,"physical-touch",1,3,19,"grosscapital",1,0,34.7791,3,31
2,"s10",2,"no",3,1,"physical-touch",1,4,20,"grosscapital",4,0,29.071,2,17
2,"s10",2,"no",3,1,"physical-touch",2,1,21,"education",49,0,30.699,2,14
2,"s10",2,"no",3,1,"physical-touch",2,2,22,"education",9,0,26.0036,3,19
2,"s10",2,"no",3,1,"physical-touch",2,3,23,"education",2,0,29.8098,2,23
2,"s10",2,"no",3,1,"physical-touch",2,4,24,"education",1,0,29.6554,2,29
2,"s10",2,"no",4,4,"virtual-mouse",1,1,25,"carmortality",12,0,43.9904,2,35
2,"s10",2,"no",4,4,"virtual-mouse",1,2,26,"carmortality",2,0,31.9843,2,21
2,"s10",2,"no",4,4,"virtual-mouse",1,3,27,"carmortality",2,1,68.6058,4,42
2,"s10",2,"no",4,4,"virtual-mouse",1,4,28,"carmortality",2,0,35.0926,3,34
2,"s10",2,"no",4,4,"virtual-mouse",2,1,29,"hiv",26,0,43.0672,3,42
2,"s10",2,"no",4,4,"virtual-mouse",2,2,30,"hiv",2,0,48.6477,2,39
2,"s10",2,"no",4,4,"virtual-mouse",2,3,31,"hiv",2,1,61.1865,3,39
2,"s10",2,"no",4,4,"virtual-mouse",2,4,32,"hiv",6,0,55.7113,4,48
11,"s11",3,"yes",1,3,"virtual-prop",1,1,1,"army",75,0,54.2965,2,21
11,"s11",3,"yes",1,3,"virtual-prop",1,2,2,"army",14,0,86.0579,2,27
11,"s11",3,"yes",1,3,"virtual-prop",1,3,3,"army",8,0,65.6422,2,30
11,"s11",3,"yes",1,3,"virtual-prop",1,4,4,"army",7,0,70.5564,2,23
11,"s11",3,"yes",1,3,"virtual-prop",2,1,5,"externaldebt",52,0,88.0568,3,33
11,"s11",3,"yes",1,3,"virtual-prop",2,2,6,"externaldebt",11,0,41.5526,2,20
11,"s11",3,"yes",1,3,"virtual-prop",2,3,7,"externaldebt",15,0,56.3584,3,26
11,"s11",3,"yes",1,3,"virtual-prop",2,4,8,"externaldebt",7,0,61.9204,2,31
11,"s11",3,"yes",2,4,"virtual-mouse",1,1,9,"health",15,0,67.3963,3,38
11,"s11",3,"yes",2,4,"virtual-mouse",1,2,10,"health",9,0,50.5695,2,27
11,"s11",3,"yes",2,4,"virtual-mouse",1,3,11,"health",19,0,84.42,3,42
11,"s11",3,"yes",2,4,"virtual-mouse",1,4,12,"health",3,0,63.6879,3,29
11,"s11",3,"yes",2,4,"virtual-mouse",2,1,13,"military",16,0,30.388,2,24
11,"s11",3,"yes",2,4,"virtual-mouse",2,2,14,"military",3,0,40.9003,2,25
11,"s11",3,"yes",2,4,"virtual-mouse",2,3,15,"military",6,0,37.7109,2,25
11,"s11",3,"yes",2,4,"virtual-mouse",2,4,16,"military",4,0,41.5624,2,19
11,"s11",3,"yes",3,2,"physical-notouch",1,1,17,"grosscapital",61,0,47.6855,2,29
11,"s11",3,"yes",3,2,"physical-notouch",1,2,18,"grosscapital",6,0,59.8503,3,32
11,"s11",3,"yes",3,2,"physical-notouch",1,3,19,"grosscapital",10,0,35.6583,2,26
11,"s11",3,"yes",3,2,"physical-notouch",1,4,20,"grosscapital",6,0,26.7919,1,18
11,"s11",3,"yes",3,2,"physical-notouch",2,1,21,"education",39,0,43.6477,2,27
11,"s11",3,"yes",3,2,"physical-notouch",2,2,22,"education",2,0,39.2981,2,23
11,"s11",3,"yes",3,2,"physical-notouch",2,3,23,"education",4,0,44.2051,2,19
11,"s11",3,"yes",3,2,"physical-notouch",2,4,24,"education",2,0,55.5012,2,21
11,"s11",3,"yes",4,1,"physical-touch",1,1,25,"carmortality",37,0,34.508,2,20
11,"s11",3,"yes",4,1,"physical-touch",1,2,26,"carmortality",4,0,31.6974,2,18
11,"s11",3,"yes",4,1,"physical-touch",1,3,27,"carmortality",5,0,29.1709,2,19
11,"s11",3,"yes",4,1,"physical-touch",1,4,28,"carmortality",7,1,51.5818,4,19
11,"s11",3,"yes",4,1,"physical-touch",2,1,29,"hiv",36,0,44.9181,3,22
11,"s11",3,"yes",4,1,"physical-touch",2,2,30,"hiv",8,0,39.6044,3,24
11,"s11",3,"yes",4,1,"physical-touch",2,3,31,"hiv",3,0,42.1559,3,24
11,"s11",3,"yes",4,1,"physical-touch",2,4,32,"hiv",2,0,29.9317,2,21
12,"s12",4,"yes",1,4,"virtual-mouse",1,1,1,"army",10,1,36.9916,2,30
12,"s12",4,"yes",1,4,"virtual-mouse",1,2,2,"army",2,0,30.9064,2,29
12,"s12",4,"yes",1,4,"virtual-mouse",1,3,3,"army",2,1,29.6606,2,24
12,"s12",4,"yes",1,4,"virtual-mouse",1,4,4,"army",2,0,29.425,2,17
12,"s12",4,"yes",1,4,"virtual-mouse",2,1,5,"externaldebt",6,0,48.315,3,16
12,"s12",4,"yes",1,4,"virtual-mouse",2,2,6,"externaldebt",2,1,44.4545,2,21
12,"s12",4,"yes",1,4,"virtual-mouse",2,3,7,"externaldebt",2,0,37.1131,2,27
12,"s12",4,"yes",1,4,"virtual-mouse",2,4,8,"externaldebt",2,0,33.0861,2,21
12,"s12",4,"yes",2,1,"physical-touch",1,1,9,"health",83,0,28.466,2,20
12,"s12",4,"yes",2,1,"physical-touch",1,2,10,"health",3,0,28.8903,2,23
12,"s12",4,"yes",2,1,"physical-touch",1,3,11,"health",4,0,31.4639,2,29
12,"s12",4,"yes",2,1,"physical-touch",1,4,12,"health",3,0,34.6175,3,20
12,"s12",4,"yes",2,1,"physical-touch",2,1,13,"military",27,0,22.192,2,24
12,"s12",4,"yes",2,1,"physical-touch",2,2,14,"military",2,0,21.0312,2,28
12,"s12",4,"yes",2,1,"physical-touch",2,3,15,"military",2,0,22.4776,2,17
12,"s12",4,"yes",2,1,"physical-touch",2,4,16,"military",2,0,23.717,3,24
12,"s12",4,"yes",3,3,"virtual-prop",1,1,17,"grosscapital",16,1,41.0424,3,28
12,"s12",4,"yes",3,3,"virtual-prop",1,2,18,"grosscapital",4,0,40.8944,1,26
12,"s12",4,"yes",3,3,"virtual-prop",1,3,19,"grosscapital",3,0,31.9734,2,29
12,"s12",4,"yes",3,3,"virtual-prop",1,4,20,"grosscapital",1,1,26.8146,3,31
12,"s12",4,"yes",3,3,"virtual-prop",2,1,21,"education",24,1,28.6516,3,27
12,"s12",4,"yes",3,3,"virtual-prop",2,2,22,"education",3,1,38.8172,3,24
12,"s12",4,"yes",3,3,"virtual-prop",2,3,23,"education",4,1,33.1824,3,31
12,"s12",4,"yes",3,3,"virtual-prop",2,4,24,"education",4,0,35.1558,2,22
12,"s12",4,"yes",4,2,"physical-notouch",1,1,25,"carmortality",32,0,35.1797,2,31
12,"s12",4,"yes",4,2,"physical-notouch",1,2,26,"carmortality",4,1,29.6206,3,29
12,"s12",4,"yes",4,2,"physical-notouch",1,3,27,"carmortality",4,0,38.5755,2,18
12,"s12",4,"yes",4,2,"physical-notouch",1,4,28,"carmortality",3,0,34.5083,2,26
12,"s12",4,"yes",4,2,"physical-notouch",2,1,29,"hiv",33,1,40.4224,3,21
12,"s12",4,"yes",4,2,"physical-notouch",2,2,30,"hiv",3,0,36.771,2,28
12,"s12",4,"yes",4,2,"physical-notouch",2,3,31,"hiv",3,0,30.4184,2,29
12,"s12",4,"yes",4,2,"physical-notouch",2,4,32,"hiv",3,0,41.027,3,28
13,"s13",1,"yes",1,1,"physical-touch",1,1,1,"army",54,0,50.2477,3,50
13,"s13",1,"yes",1,1,"physical-touch",1,2,2,"army",3,1,26.3247,2,40
13,"s13",1,"yes",1,1,"physical-touch",1,3,3,"army",2,1,53.0075,4,54
13,"s13",1,"yes",1,1,"physical-touch",1,4,4,"army",2,0,32.6192,3,40
13,"s13",1,"yes",1,1,"physical-touch",2,1,5,"externaldebt",50,1,44.1089,3,45
13,"s13",1,"yes",1,1,"physical-touch",2,2,6,"externaldebt",3,0,37.5641,2,51
13,"s13",1,"yes",1,1,"physical-touch",2,3,7,"externaldebt",2,1,43.8844,4,51
13,"s13",1,"yes",1,1,"physical-touch",2,4,8,"externaldebt",4,0,28.1925,5,61
13,"s13",1,"yes",2,2,"physical-notouch",1,1,9,"health",55,0,41.5986,4,55
13,"s13",1,"yes",2,2,"physical-notouch",1,2,10,"health",3,0,39.4393,4,46
13,"s13",1,"yes",2,2,"physical-notouch",1,3,11,"health",2,0,37.2154,4,54
13,"s13",1,"yes",2,2,"physical-notouch",1,4,12,"health",3,1,52.5611,4,55
13,"s13",1,"yes",2,2,"physical-notouch",2,1,13,"military",39,0,43.7576,4,59
13,"s13",1,"yes",2,2,"physical-notouch",2,2,14,"military",5,0,33.9631,3,45
13,"s13",1,"yes",2,2,"physical-notouch",2,3,15,"military",4,0,37.6398,4,45
13,"s13",1,"yes",2,2,"physical-notouch",2,4,16,"military",4,0,26.1177,5,61
13,"s13",1,"yes",3,4,"virtual-mouse",1,1,17,"grosscapital",20,1,80.7471,5,65
13,"s13",1,"yes",3,4,"virtual-mouse",1,2,18,"grosscapital",2,0,58.5728,4,60
13,"s13",1,"yes",3,4,"virtual-mouse",1,3,19,"grosscapital",3,0,67.5889,5,71
13,"s13",1,"yes",3,4,"virtual-mouse",1,4,20,"grosscapital",2,0,40.9587,4,69
13,"s13",1,"yes",3,4,"virtual-mouse",2,1,21,"education",15,0,41.4329,3,45
13,"s13",1,"yes",3,4,"virtual-mouse",2,2,22,"education",2,0,49.6803,4,54
13,"s13",1,"yes",3,4,"virtual-mouse",2,3,23,"education",2,0,39.7333,3,51
13,"s13",1,"yes",3,4,"virtual-mouse",2,4,24,"education",3,0,43.6988,4,62
13,"s13",1,"yes",4,3,"virtual-prop",1,1,25,"carmortality",27,0,50.2229,4,60
13,"s13",1,"yes",4,3,"virtual-prop",1,2,26,"carmortality",6,0,59.1196,4,61
13,"s13",1,"yes",4,3,"virtual-prop",1,3,27,"carmortality",6,1,51.008,5,63
13,"s13",1,"yes",4,3,"virtual-prop",1,4,28,"carmortality",3,1,54.0005,4,65
13,"s13",1,"yes",4,3,"virtual-prop",2,1,29,"hiv",22,0,76.0841,4,60
13,"s13",1,"yes",4,3,"virtual-prop",2,2,30,"hiv",3,0,70.2605,4,66
13,"s13",1,"yes",4,3,"virtual-prop",2,3,31,"hiv",7,0,70.317,5,68
13,"s13",1,"yes",4,3,"virtual-prop",2,4,32,"hiv",3,1,50.0175,4,52
14,"s14",2,"yes",1,2,"physical-notouch",1,1,1,"army",82,0,150.8723,1,46
14,"s14",2,"yes",1,2,"physical-notouch",1,2,2,"army",3,0,44.001,1,30
14,"s14",2,"yes",1,2,"physical-notouch",1,3,3,"army",2,0,80.1731,1,31
14,"s14",2,"yes",1,2,"physical-notouch",1,4,4,"army",4,0,69.1048,1,32
14,"s14",2,"yes",1,2,"physical-notouch",2,1,5,"externaldebt",50,0,58.7802,1,31
14,"s14",2,"yes",1,2,"physical-notouch",2,2,6,"externaldebt",1,0,49.1603,1,31
14,"s14",2,"yes",1,2,"physical-notouch",2,3,7,"externaldebt",2,0,45.1816,1,25
14,"s14",2,"yes",1,2,"physical-notouch",2,4,8,"externaldebt",1,0,70.55,1,30
14,"s14",2,"yes",2,3,"virtual-prop",1,1,9,"health",19,1,62.1337,1,26
14,"s14",2,"yes",2,3,"virtual-prop",1,2,10,"health",2,0,68.6328,1,30
14,"s14",2,"yes",2,3,"virtual-prop",1,3,11,"health",3,0,50.8196,1,28
14,"s14",2,"yes",2,3,"virtual-prop",1,4,12,"health",2,0,47.5969,1,25
14,"s14",2,"yes",2,3,"virtual-prop",2,1,13,"military",30,1,61.1237,1,27
14,"s14",2,"yes",2,3,"virtual-prop",2,2,14,"military",2,0,34.1806,1,25
14,"s14",2,"yes",2,3,"virtual-prop",2,3,15,"military",1,0,66.851,1,33
14,"s14",2,"yes",2,3,"virtual-prop",2,4,16,"military",1,0,60.3563,1,20
14,"s14",2,"yes",3,1,"physical-touch",1,1,17,"grosscapital",45,0,50.1402,1,20
14,"s14",2,"yes",3,1,"physical-touch",1,2,18,"grosscapital",1,0,64.0021,1,24
14,"s14",2,"yes",3,1,"physical-touch",1,3,19,"grosscapital",2,0,47.2577,1,22
14,"s14",2,"yes",3,1,"physical-touch",1,4,20,"grosscapital",1,0,39.4156,1,21
14,"s14",2,"yes",3,1,"physical-touch",2,1,21,"education",28,0,34.3556,1,20
14,"s14",2,"yes",3,1,"physical-touch",2,2,22,"education",1,0,32.4802,1,21
14,"s14",2,"yes",3,1,"physical-touch",2,3,23,"education",3,0,30.95,1,19
14,"s14",2,"yes",3,1,"physical-touch",2,4,24,"education",1,1,42.9519,1,20
14,"s14",2,"yes",4,4,"virtual-mouse",1,1,25,"carmortality",10,0,47.9458,1,18
14,"s14",2,"yes",4,4,"virtual-mouse",1,2,26,"carmortality",2,0,36.0034,1,24
14,"s14",2,"yes",4,4,"virtual-mouse",1,3,27,"carmortality",1,0,48.6638,1,18
14,"s14",2,"yes",4,4,"virtual-mouse",1,4,28,"carmortality",1,1,41.953,1,20
14,"s14",2,"yes",4,4,"virtual-mouse",2,1,29,"hiv",7,1,109.4072,2,26
14,"s14",2,"yes",4,4,"virtual-mouse",2,2,30,"hiv",2,0,67.5625,2,29
14,"s14",2,"yes",4,4,"virtual-mouse",2,3,31,"hiv",2,1,66.5731,2,27
14,"s14",2,"yes",4,4,"virtual-mouse",2,4,32,"hiv",1,1,45.7959,1,20
15,"s15",3,"yes",1,3,"virtual-prop",1,1,1,"army",59,0,45.9794,2,34
15,"s15",3,"yes",1,3,"virtual-prop",1,2,2,"army",3,1,39.7304,2,31
15,"s15",3,"yes",1,3,"virtual-prop",1,3,3,"army",3,1,43.841,3,55
15,"s15",3,"yes",1,3,"virtual-prop",1,4,4,"army",1,0,50.8756,3,53
15,"s15",3,"yes",1,3,"virtual-prop",2,1,5,"externaldebt",21,0,64.3411,2,35
15,"s15",3,"yes",1,3,"virtual-prop",2,2,6,"externaldebt",2,0,64.9703,3,47
15,"s15",3,"yes",1,3,"virtual-prop",2,3,7,"externaldebt",2,0,52.0688,2,33
15,"s15",3,"yes",1,3,"virtual-prop",2,4,8,"externaldebt",1,0,48.9716,2,43
15,"s15",3,"yes",2,4,"virtual-mouse",1,1,9,"health",21,0,61.123,3,48
15,"s15",3,"yes",2,4,"virtual-mouse",1,2,10,"health",4,0,53.2718,4,37
15,"s15",3,"yes",2,4,"virtual-mouse",1,3,11,"health",3,0,46.8502,2,48
15,"s15",3,"yes",2,4,"virtual-mouse",1,4,12,"health",3,0,79.3652,4,56
15,"s15",3,"yes",2,4,"virtual-mouse",2,1,13,"military",8,0,75.0696,3,102
15,"s15",3,"yes",2,4,"virtual-mouse",2,2,14,"military",5,0,82.131,4,112
15,"s15",3,"yes",2,4,"virtual-mouse",2,3,15,"military",3,0,83.4395,2,115
15,"s15",3,"yes",2,4,"virtual-mouse",2,4,16,"military",4,0,80.1694,4,103
15,"s15",3,"yes",3,2,"physical-notouch",1,1,17,"grosscapital",40,0,61.6715,3,52
15,"s15",3,"yes",3,2,"physical-notouch",1,2,18,"grosscapital",1,1,55.5022,3,82
15,"s15",3,"yes",3,2,"physical-notouch",1,3,19,"grosscapital",1,0,107.3318,4,115
15,"s15",3,"yes",3,2,"physical-notouch",1,4,20,"grosscapital",4,1,42.9723,3,61
15,"s15",3,"yes",3,2,"physical-notouch",2,1,21,"education",27,0,43.2708,3,65
15,"s15",3,"yes",3,2,"physical-notouch",2,2,22,"education",1,0,31.6082,3,67
15,"s15",3,"yes",3,2,"physical-notouch",2,3,23,"education",1,0,30.2986,3,67
15,"s15",3,"yes",3,2,"physical-notouch",2,4,24,"education",1,1,50.6134,3,68
15,"s15",3,"yes",4,1,"physical-touch",1,1,25,"carmortality",27,0,66.2708,4,84
15,"s15",3,"yes",4,1,"physical-touch",1,2,26,"carmortality",2,0,31.8837,3,67
15,"s15",3,"yes",4,1,"physical-touch",1,3,27,"carmortality",2,0,42.081,4,73
15,"s15",3,"yes",4,1,"physical-touch",1,4,28,"carmortality",1,0,65.8363,4,93
15,"s15",3,"yes",4,1,"physical-touch",2,1,29,"hiv",31,0,45.3659,3,72
15,"s15",3,"yes",4,1,"physical-touch",2,2,30,"hiv",1,0,38.827,3,55
15,"s15",3,"yes",4,1,"physical-touch",2,3,31,"hiv",1,0,40.7795,2,76
15,"s15",3,"yes",4,1,"physical-touch",2,4,32,"hiv",1,0,55.2825,3,103
16,"s16",4,"yes",1,4,"virtual-mouse",1,1,1,"army",13,0,69.7391,3,42
16,"s16",4,"yes",1,4,"virtual-mouse",1,2,2,"army",1,0,35.6554,2,31
16,"s16",4,"yes",1,4,"virtual-mouse",1,3,3,"army",2,0,42.0201,3,30
16,"s16",4,"yes",1,4,"virtual-mouse",1,4,4,"army",1,0,37.7869,2,25
16,"s16",4,"yes",1,4,"virtual-mouse",2,1,5,"externaldebt",10,0,62.2209,3,34
16,"s16",4,"yes",1,4,"virtual-mouse",2,2,6,"externaldebt",2,0,48.1881,2,27
16,"s16",4,"yes",1,4,"virtual-mouse",2,3,7,"externaldebt",1,0,56.7349,3,39
16,"s16",4,"yes",1,4,"virtual-mouse",2,4,8,"externaldebt",2,0,56.7622,3,37
16,"s16",4,"yes",2,1,"physical-touch",1,1,9,"health",75,0,31.8465,2,20
16,"s16",4,"yes",2,1,"physical-touch",1,2,10,"health",3,0,22.7052,1,16
16,"s16",4,"yes",2,1,"physical-touch",1,3,11,"health",1,0,45.0676,3,34
16,"s16",4,"yes",2,1,"physical-touch",1,4,12,"health",1,0,25.3542,1,17
16,"s16",4,"yes",2,1,"physical-touch",2,1,13,"military",48,0,33.8796,3,26
16,"s16",4,"yes",2,1,"physical-touch",2,2,14,"military",1,0,25.349,2,22
16,"s16",4,"yes",2,1,"physical-touch",2,3,15,"military",1,0,26.8812,1,19
16,"s16",4,"yes",2,1,"physical-touch",2,4,16,"military",1,0,26.4318,3,33
16,"s16",4,"yes",3,3,"virtual-prop",1,1,17,"grosscapital",19,0,79.4325,4,46
16,"s16",4,"yes",3,3,"virtual-prop",1,2,18,"grosscapital",1,0,38.4832,2,32
16,"s16",4,"yes",3,3,"virtual-prop",1,3,19,"grosscapital",1,0,46.2848,2,24
16,"s16",4,"yes",3,3,"virtual-prop",1,4,20,"grosscapital",2,0,32.3803,2,21
16,"s16",4,"yes",3,3,"virtual-prop",2,1,21,"education",19,0,30.9297,2,31
16,"s16",4,"yes",3,3,"virtual-prop",2,2,22,"education",5,0,63.8236,3,45
16,"s16",4,"yes",3,3,"virtual-prop",2,3,23,"education",3,0,50.6568,3,37
16,"s16",4,"yes",3,3,"virtual-prop",2,4,24,"education",2,1,78.4145,4,120
16,"s16",4,"yes",4,2,"physical-notouch",1,1,25,"carmortality",166,0,45.1348,4,29
16,"s16",4,"yes",4,2,"physical-notouch",1,2,26,"carmortality",6,0,29.0763,1,16
16,"s16",4,"yes",4,2,"physical-notouch",1,3,27,"carmortality",1,0,44.8882,3,32
16,"s16",4,"yes",4,2,"physical-notouch",1,4,28,"carmortality",1,0,60.9886,4,41
16,"s16",4,"yes",4,2,"physical-notouch",2,1,29,"hiv",27,0,59.2488,3,38
16,"s16",4,"yes",4,2,"physical-notouch",2,2,30,"hiv",2,0,45.4707,2,30
16,"s16",4,"yes",4,2,"physical-notouch",2,3,31,"hiv",1,0,46.769,3,37
16,"s16",4,"yes",4,2,"physical-notouch",2,4,32,"hiv",1,0,38.4782,2,32
2,"s2",2,"no",1,2,"physical-notouch",1,1,1,"army",45,0,31.2284,2,36
2,"s2",2,"no",1,2,"physical-notouch",1,2,2,"army",2,1,42.6198,4,46
2,"s2",2,"no",1,2,"physical-notouch",1,3,3,"army",3,1,29.2061,4,27
2,"s2",2,"no",1,2,"physical-notouch",1,4,4,"army",2,0,41.9782,3,54
2,"s2",2,"no",1,2,"physical-notouch",2,1,5,"externaldebt",34,1,47.2844,4,41
2,"s2",2,"no",1,2,"physical-notouch",2,2,6,"externaldebt",3,1,47.4501,5,47
2,"s2",2,"no",1,2,"physical-notouch",2,3,7,"externaldebt",1,1,56.1124,5,78
2,"s2",2,"no",1,2,"physical-notouch",2,4,8,"externaldebt",2,0,32.7231,3,49
2,"s2",2,"no",2,3,"virtual-prop",1,1,9,"health",57,1,40.3188,4,48
2,"s2",2,"no",2,3,"virtual-prop",1,2,10,"health",3,0,45.515,2,38
2,"s2",2,"no",2,3,"virtual-prop",1,3,11,"health",1,1,53.8568,5,47
2,"s2",2,"no",2,3,"virtual-prop",1,4,12,"health",2,0,38.3707,3,48
2,"s2",2,"no",2,3,"virtual-prop",2,1,13,"military",16,0,74.292,3,60
2,"s2",2,"no",2,3,"virtual-prop",2,2,14,"military",1,0,62.0296,3,58
2,"s2",2,"no",2,3,"virtual-prop",2,3,15,"military",2,0,36.9292,3,47
2,"s2",2,"no",2,3,"virtual-prop",2,4,16,"military",1,0,34.6249,2,48
2,"s2",2,"no",3,1,"physical-touch",1,1,17,"grosscapital",47,0,45.8646,3,46
2,"s2",2,"no",3,1,"physical-touch",1,2,18,"grosscapital",2,1,47.0292,4,52
2,"s2",2,"no",3,1,"physical-touch",1,3,19,"grosscapital",1,0,36.3882,3,51
2,"s2",2,"no",3,1,"physical-touch",1,4,20,"grosscapital",2,0,33.2367,2,47
2,"s2",2,"no",3,1,"physical-touch",2,1,21,"education",39,0,26.0044,2,0
2,"s2",2,"no",3,1,"physical-touch",2,2,22,"education",23,0,31.7971,3,32
2,"s2",2,"no",3,1,"physical-touch",2,3,23,"education",1,0,35.9089,2,38
2,"s2",2,"no",3,1,"physical-touch",2,4,24,"education",3,0,38.7259,2,58
2,"s2",2,"no",4,4,"virtual-mouse",1,1,25,"carmortality",6,0,63.8744,3,65
2,"s2",2,"no",4,4,"virtual-mouse",1,2,26,"carmortality",2,0,35.2525,2,56
2,"s2",2,"no",4,4,"virtual-mouse",1,3,27,"carmortality",2,0,41.7673,3,57
2,"s2",2,"no",4,4,"virtual-mouse",1,4,28,"carmortality",2,0,37.6356,5,57
2,"s2",2,"no",4,4,"virtual-mouse",2,1,29,"hiv",5,0,48.8688,3,61
2,"s2",2,"no",4,4,"virtual-mouse",2,2,30,"hiv",2,0,54.9018,4,71
2,"s2",2,"no",4,4,"virtual-mouse",2,3,31,"hiv",1,0,46.5369,4,62
2,"s2",2,"no",4,4,"virtual-mouse",2,4,32,"hiv",2,0,49.8904,3,58
1,"s1",1,"no",1,1,"physical-touch",1,1,1,"army",70,1,25.7342,3,21
1,"s1",1,"no",1,1,"physical-touch",1,2,2,"army",5,0,48.0264,2,35
1,"s1",1,"no",1,1,"physical-touch",1,3,3,"army",4,0,81.8134,2,40
1,"s1",1,"no",1,1,"physical-touch",1,4,4,"army",5,1,33.4885,3,35
1,"s1",1,"no",1,1,"physical-touch",2,1,5,"externaldebt",47,1,51.0905,4,45
1,"s1",1,"no",1,1,"physical-touch",2,2,6,"externaldebt",5,0,66.4164,2,59
1,"s1",1,"no",1,1,"physical-touch",2,3,7,"externaldebt",4,0,102.7636,4,64
1,"s1",1,"no",1,1,"physical-touch",2,4,8,"externaldebt",3,0,43.1199,1,60
1,"s1",1,"no",2,2,"physical-notouch",1,1,9,"health",68,0,57.1479,3,51
1,"s1",1,"no",2,2,"physical-notouch",1,2,10,"health",3,0,59.2863,1,49
1,"s1",1,"no",2,2,"physical-notouch",1,3,11,"health",4,0,119.4766,3,61
1,"s1",1,"no",2,2,"physical-notouch",1,4,12,"health",4,0,55.2818,2,60
1,"s1",1,"no",2,2,"physical-notouch",2,1,13,"military",36,0,41.487,2,40
1,"s1",1,"no",2,2,"physical-notouch",2,2,14,"military",2,0,34.3214,1,44
1,"s1",1,"no",2,2,"physical-notouch",2,3,15,"military",3,0,57.7079,1,52
1,"s1",1,"no",2,2,"physical-notouch",2,4,16,"military",3,0,36.5234,1,64
1,"s1",1,"no",3,4,"virtual-mouse",1,1,17,"grosscapital",6,1,75.3656,3,68
1,"s1",1,"no",3,4,"virtual-mouse",1,2,18,"grosscapital",3,0,70.7315,1,61
1,"s1",1,"no",3,4,"virtual-mouse",1,3,19,"grosscapital",5,0,88.3723,3,75
1,"s1",1,"no",3,4,"virtual-mouse",1,4,20,"grosscapital",2,0,60.6931,1,63
1,"s1",1,"no",3,4,"virtual-mouse",2,1,21,"education",9,1,90.3549,5,80
1,"s1",1,"no",3,4,"virtual-mouse",2,2,22,"education",3,0,66.5967,2,61
1,"s1",1,"no",3,4,"virtual-mouse",2,3,23,"education",2,0,65.7568,2,69
1,"s1",1,"no",3,4,"virtual-mouse",2,4,24,"education",2,0,88.3821,2,76
1,"s1",1,"no",4,3,"virtual-prop",1,1,25,"carmortality",26,0,56.0129,1,69
1,"s1",1,"no",4,3,"virtual-prop",1,2,26,"carmortality",2,0,53.4671,1,73
1,"s1",1,"no",4,3,"virtual-prop",1,3,27,"carmortality",4,0,79.7617,2,89
1,"s1",1,"no",4,3,"virtual-prop",1,4,28,"carmortality",1,0,81.9704,2,90
1,"s1",1,"no",4,3,"virtual-prop",2,1,29,"hiv",32,0,75.4956,2,90
1,"s1",1,"no",4,3,"virtual-prop",2,2,30,"hiv",5,0,81.4776,1,100
1,"s1",1,"no",4,3,"virtual-prop",2,3,31,"hiv",2,0,66.1364,2,100
1,"s1",1,"no",4,3,"virtual-prop",2,4,32,"hiv",2,0,86.7564,5,100
8,"s8",4,"no",1,4,"virtual-mouse",1,1,1,"army",19,0,32.4686,3,14
8,"s8",4,"no",1,4,"virtual-mouse",1,2,2,"army",2,0,28.7056,2,15
8,"s8",4,"no",1,4,"virtual-mouse",1,3,3,"army",9,0,73.773,4,38
8,"s8",4,"no",1,4,"virtual-mouse",1,4,4,"army",2,0,52.192,2,22
8,"s8",4,"no",1,4,"virtual-mouse",2,1,5,"externaldebt",9,0,37.5266,2,20
8,"s8",4,"no",1,4,"virtual-mouse",2,2,6,"externaldebt",1,0,36.9956,1,16
8,"s8",4,"no",1,4,"virtual-mouse",2,3,7,"externaldebt",5,0,35.8783,2,14
8,"s8",4,"no",1,4,"virtual-mouse",2,4,8,"externaldebt",2,0,44.06,2,14
8,"s8",4,"no",2,1,"physical-touch",1,1,9,"health",72,0,31.9216,2,13
8,"s8",4,"no",2,1,"physical-touch",1,2,10,"health",3,0,30.6041,2,17
8,"s8",4,"no",2,1,"physical-touch",1,3,11,"health",2,0,26.3022,3,18
8,"s8",4,"no",2,1,"physical-touch",1,4,12,"health",3,1,34.4136,5,19
8,"s8",4,"no",2,1,"physical-touch",2,1,13,"military",34,0,36.1197,3,16
8,"s8",4,"no",2,1,"physical-touch",2,2,14,"military",3,0,24.0625,2,10
8,"s8",4,"no",2,1,"physical-touch",2,3,15,"military",3,0,23.9595,2,13
8,"s8",4,"no",2,1,"physical-touch",2,4,16,"military",1,0,21.8616,3,18
8,"s8",4,"no",3,3,"virtual-prop",1,1,17,"grosscapital",14,0,33.6609,2,14
8,"s8",4,"no",3,3,"virtual-prop",1,2,18,"grosscapital",2,0,35.7055,1,18
8,"s8",4,"no",3,3,"virtual-prop",1,3,19,"grosscapital",1,0,79.3167,3,25
8,"s8",4,"no",3,3,"virtual-prop",1,4,20,"grosscapital",3,0,27.0074,1,12
8,"s8",4,"no",3,3,"virtual-prop",2,1,21,"education",12,0,30.0547,2,13
8,"s8",4,"no",3,3,"virtual-prop",2,2,22,"education",2,0,38.3059,3,13
8,"s8",4,"no",3,3,"virtual-prop",2,3,23,"education",2,0,37.0772,1,16
8,"s8",4,"no",3,3,"virtual-prop",2,4,24,"education",4,1,44.8872,2,11
8,"s8",4,"no",4,2,"physical-notouch",1,1,25,"carmortality",32,0,42.4205,2,12
8,"s8",4,"no",4,2,"physical-notouch",1,2,26,"carmortality",1,0,25.711,2,12
8,"s8",4,"no",4,2,"physical-notouch",1,3,27,"carmortality",2,0,23.7312,1,10
8,"s8",4,"no",4,2,"physical-notouch",1,4,28,"carmortality",2,0,29.0376,2,15
8,"s8",4,"no",4,2,"physical-notouch",2,1,29,"hiv",31,0,47.446,2,16
8,"s8",4,"no",4,2,"physical-notouch",2,2,30,"hiv",2,0,32.7373,1,11
8,"s8",4,"no",4,2,"physical-notouch",2,3,31,"hiv",2,0,35.1973,4,14
8,"s8",4,"no",4,2,"physical-notouch",2,4,32,"hiv",2,0,43.9792,3,16
7,"s7",3,"no",1,3,"virtual-prop",1,1,1,"army",65,1,31.6044,4,16
7,"s7",3,"no",1,3,"virtual-prop",1,2,2,"army",7,1,69.3392,5,20
7,"s7",3,"no",1,3,"virtual-prop",1,3,3,"army",3,0,117.1229,3,25
7,"s7",3,"no",1,3,"virtual-prop",1,4,4,"army",6,0,54.3508,3,15
7,"s7",3,"no",1,3,"virtual-prop",2,1,5,"externaldebt",34,0,91.0219,4,23
7,"s7",3,"no",1,3,"virtual-prop",2,2,6,"externaldebt",3,1,41.4778,5,10
7,"s7",3,"no",1,3,"virtual-prop",2,3,7,"externaldebt",5,0,71.4642,4,15
7,"s7",3,"no",1,3,"virtual-prop",2,4,8,"externaldebt",4,0,46.9578,2,17
7,"s7",3,"no",2,4,"virtual-mouse",1,1,9,"health",19,1,77.3888,2,18
7,"s7",3,"no",2,4,"virtual-mouse",1,2,10,"health",3,1,85.784,5,25
7,"s7",3,"no",2,4,"virtual-mouse",1,3,11,"health",4,1,127.6019,5,30
7,"s7",3,"no",2,4,"virtual-mouse",1,4,12,"health",11,0,49.638,2,15
7,"s7",3,"no",2,4,"virtual-mouse",2,1,13,"military",24,1,136.19,5,30
7,"s7",3,"no",2,4,"virtual-mouse",2,2,14,"military",5,0,44.5441,2,9
7,"s7",3,"no",2,4,"virtual-mouse",2,3,15,"military",2,0,49.8672,2,18
7,"s7",3,"no",2,4,"virtual-mouse",2,4,16,"military",2,0,74.3183,5,30
7,"s7",3,"no",3,2,"physical-notouch",1,1,17,"grosscapital",63,0,69.4784,2,10
7,"s7",3,"no",3,2,"physical-notouch",1,2,18,"grosscapital",2,0,58.1553,1,15
7,"s7",3,"no",3,2,"physical-notouch",1,3,19,"grosscapital",3,0,67.7928,3,15
7,"s7",3,"no",3,2,"physical-notouch",1,4,20,"grosscapital",2,0,38.9815,1,14
7,"s7",3,"no",3,2,"physical-notouch",2,1,21,"education",68,0,33.8437,1,10
7,"s7",3,"no",3,2,"physical-notouch",2,2,22,"education",1,0,52.7695,3,11
7,"s7",3,"no",3,2,"physical-notouch",2,3,23,"education",2,0,48.6666,2,15
7,"s7",3,"no",3,2,"physical-notouch",2,4,24,"education",3,0,62.2328,4,11
7,"s7",3,"no",4,1,"physical-touch",1,1,25,"carmortality",53,0,47.6831,2,12
7,"s7",3,"no",4,1,"physical-touch",1,2,26,"carmortality",3,0,26.2623,1,10
7,"s7",3,"no",4,1,"physical-touch",1,3,27,"carmortality",1,0,27.5103,1,9
7,"s7",3,"no",4,1,"physical-touch",1,4,28,"carmortality",2,1,28.765,3,11
7,"s7",3,"no",4,1,"physical-touch",2,1,29,"hiv",48,1,34.1349,4,11
7,"s7",3,"no",4,1,"physical-touch",2,2,30,"hiv",2,0,52.6385,2,15
7,"s7",3,"no",4,1,"physical-touch",2,3,31,"hiv",1,1,49.3033,5,16
7,"s7",3,"no",4,1,"physical-touch",2,4,32,"hiv",2,0,30.8619,1,12
6,"s6",2,"no",1,2,"physical-notouch",1,1,1,"army",85,0,23.1863,2,60
6,"s6",2,"no",1,2,"physical-notouch",1,2,2,"army",4,1,24.752,3,70
6,"s6",2,"no",1,2,"physical-notouch",1,3,3,"army",6,1,42.5271,3,77
6,"s6",2,"no",1,2,"physical-notouch",1,4,4,"army",5,1,41.7149,4,78
6,"s6",2,"no",1,2,"physical-notouch",2,1,5,"externaldebt",63,0,31.6295,2,61
6,"s6",2,"no",1,2,"physical-notouch",2,2,6,"externaldebt",3,0,31.8258,2,64
6,"s6",2,"no",1,2,"physical-notouch",2,3,7,"externaldebt",5,0,45.1668,3,81
6,"s6",2,"no",1,2,"physical-notouch",2,4,8,"externaldebt",7,0,51.4388,3,67
6,"s6",2,"no",2,3,"virtual-prop",1,1,9,"health",26,0,61.0116,4,89
6,"s6",2,"no",2,3,"virtual-prop",1,2,10,"health",3,0,60.1525,3,92
6,"s6",2,"no",2,3,"virtual-prop",1,3,11,"health",8,0,38.1566,2,82
6,"s6",2,"no",2,3,"virtual-prop",1,4,12,"health",10,0,35.0751,2,72
6,"s6",2,"no",2,3,"virtual-prop",2,1,13,"military",47,0,36.2496,2,79
6,"s6",2,"no",2,3,"virtual-prop",2,2,14,"military",12,0,22.5933,2,55
6,"s6",2,"no",2,3,"virtual-prop",2,3,15,"military",6,1,37.4899,3,70
6,"s6",2,"no",2,3,"virtual-prop",2,4,16,"military",5,0,28.9152,2,43
6,"s6",2,"no",3,1,"physical-touch",1,1,17,"grosscapital",47,0,63.6782,2,49
6,"s6",2,"no",3,1,"physical-touch",1,2,18,"grosscapital",2,0,28.3446,2,40
6,"s6",2,"no",3,1,"physical-touch",1,3,19,"grosscapital",2,0,40.0503,3,68
6,"s6",2,"no",3,1,"physical-touch",1,4,20,"grosscapital",2,0,29.9904,3,55
6,"s6",2,"no",3,1,"physical-touch",2,1,21,"education",32,0,26.1036,2,58
6,"s6",2,"no",3,1,"physical-touch",2,2,22,"education",1,0,37.3552,2,58
6,"s6",2,"no",3,1,"physical-touch",2,3,23,"education",1,0,40.8958,2,70
6,"s6",2,"no",3,1,"physical-touch",2,4,24,"education",1,0,22.5197,2,45
6,"s6",2,"no",4,4,"virtual-mouse",1,1,25,"carmortality",16,0,28.3696,3,56
6,"s6",2,"no",4,4,"virtual-mouse",1,2,26,"carmortality",6,0,24.4394,2,46
6,"s6",2,"no",4,4,"virtual-mouse",1,3,27,"carmortality",1,0,24.6056,2,54
6,"s6",2,"no",4,4,"virtual-mouse",1,4,28,"carmortality",2,0,43.5556,3,81
6,"s6",2,"no",4,4,"virtual-mouse",2,1,29,"hiv",30,1,54.9713,4,96
6,"s6",2,"no",4,4,"virtual-mouse",2,2,30,"hiv",1,0,41.8641,3,93
6,"s6",2,"no",4,4,"virtual-mouse",2,3,31,"hiv",1,0,45.0526,3,81
6,"s6",2,"no",4,4,"virtual-mouse",2,4,32,"hiv",1,1,59.0224,3,93
5,"s5",1,"no",1,1,"physical-touch",1,1,1,"army",92,0,29.0079,1,24
5,"s5",1,"no",1,1,"physical-touch",1,2,2,"army",4,0,26.9432,1,25
5,"s5",1,"no",1,1,"physical-touch",1,3,3,"army",10,1,54.063,3,55
5,"s5",1,"no",1,1,"physical-touch",1,4,4,"army",1,1,31.9349,2,31
5,"s5",1,"no",1,1,"physical-touch",2,1,5,"externaldebt",73,0,47.3604,3,40
5,"s5",1,"no",1,1,"physical-touch",2,2,6,"externaldebt",5,0,31.4361,1,31
5,"s5",1,"no",1,1,"physical-touch",2,3,7,"externaldebt",1,0,89.2172,3,48
5,"s5",1,"no",1,1,"physical-touch",2,4,8,"externaldebt",2,0,26.2539,1,35
5,"s5",1,"no",2,2,"physical-notouch",1,1,9,"health",79,0,53.2231,2,46
5,"s5",1,"no",2,2,"physical-notouch",1,2,10,"health",1,0,35.0711,2,39
5,"s5",1,"no",2,2,"physical-notouch",1,3,11,"health",1,0,51.8551,4,51
5,"s5",1,"no",2,2,"physical-notouch",1,4,12,"health",1,0,41.5179,2,50
5,"s5",1,"no",2,2,"physical-notouch",2,1,13,"military",76,0,28.6712,2,42
5,"s5",1,"no",2,2,"physical-notouch",2,2,14,"military",1,0,27.5861,1,46
5,"s5",1,"no",2,2,"physical-notouch",2,3,15,"military",2,0,22.1485,2,35
5,"s5",1,"no",2,2,"physical-notouch",2,4,16,"military",1,0,39.0337,2,60
5,"s5",1,"no",3,4,"virtual-mouse",1,1,17,"grosscapital",66,0,56.2894,4,63
5,"s5",1,"no",3,4,"virtual-mouse",1,2,18,"grosscapital",2,0,61.074,3,61
5,"s5",1,"no",3,4,"virtual-mouse",1,3,19,"grosscapital",1,0,49.7414,2,65
5,"s5",1,"no",3,4,"virtual-mouse",1,4,20,"grosscapital",2,0,48.6991,2,60
5,"s5",1,"no",3,4,"virtual-mouse",2,1,21,"education",99,0,25.7399,1,47
5,"s5",1,"no",3,4,"virtual-mouse",2,2,22,"education",2,0,42.9503,2,53
5,"s5",1,"no",3,4,"virtual-mouse",2,3,23,"education",1,0,29.7791,1,50
5,"s5",1,"no",3,4,"virtual-mouse",2,4,24,"education",1,0,65.1992,3,68
5,"s5",1,"no",4,3,"virtual-prop",1,1,25,"carmortality",75,0,36.3298,2,50
5,"s5",1,"no",4,3,"virtual-prop",1,2,26,"carmortality",11,0,56.1517,2,61
5,"s5",1,"no",4,3,"virtual-prop",1,3,27,"carmortality",5,0,40.0676,2,55
5,"s5",1,"no",4,3,"virtual-prop",1,4,28,"carmortality",1,0,44.148,4,59
5,"s5",1,"no",4,3,"virtual-prop",2,1,29,"hiv",60,0,40.9828,1,60
5,"s5",1,"no",4,3,"virtual-prop",2,2,30,"hiv",1,0,44.6223,1,62
5,"s5",1,"no",4,3,"virtual-prop",2,3,31,"hiv",2,0,48.815,1,62
5,"s5",1,"no",4,3,"virtual-prop",2,4,32,"hiv",1,0,47.4654,2,52
